left_wrist_angle,right_wrist_angle,left_elbow_angle,right_elbow_angle,left_shoulder_angle,right_shoulder_angle,left_knee_angle,right_knee_angle,left_ankle_angle,right_ankle_angle,left_hip_angle,right_hip_angle,name_yoga
217.9895676778499,202.5534602082142,192.37177738373018,190.6345589969886,177.19170338377123,185.0250622457688,188.44713822634247,187.3316136162036,249.12423812272763,249.14773072093462,102.01646025154125,78.3741324002991,downdog
158.76831362098022,191.9415998575433,92.69009083589533,270.44774605678265,87.63050614509129,87.64846431367444,243.56811228868168,116.51621065329815,154.33161941114003,213.10764369587835,158.73969181333732,155.55975216517245,goddess
253.86885113501882,252.465699686058,183.6833711982848,180.24502745329102,296.8307602457214,62.12874336777349,182.46416893782418,180.08844641525505,232.91495045379972,232.6224123720226,224.226996059774,316.47639637784465,plank
186.79236959719265,166.43574061364416,141.81039376391257,224.41629249129787,188.52906860618086,174.8638364969756,183.66067668142912,23.693125825515928,188.99720320596475,156.08015257991323,83.09989767223368,146.61052599229896,tree
185.97976677680296,175.3769846888239,178.00509933527854,187.72774083927501,94.99200208943468,101.85689233159718,185.96145092397657,115.99698961265149,203.48428650022558,215.1098856849811,128.40480408931737,152.5489542782016,warrior2
